B. Leno,27,Puma,84,86,Arsenal FC ,26000000,91000,Right,Goalkeeper,#1,"1,89 m",83
Héctor Bellerín,24,Puma,80,85,Arsenal FC ,17500000,69000,Right,Right-Back,#2,"1,78 m",74
K. de Bruyne,28,Nike,91,91,Manchester City ,90000000,370000,Right,Attacking Midfield,#17,"1,81 m",70
V. van Dijk,28,Nike,90,91,Liverpool FC ,78000000,200000,Right,Centre-Back,#4,"1,93 m",92
Sokratis,31,adidas,84,84,Arsenal FC ,23000000,115000,Right,Centre-Back,#5,"1,86 m",85
M. Özil,31,adidas,84,84,Arsenal FC ,29500000,125000,Left,Attacking Midfield,#10,"1,80 m",76
M. Salah,27,adidas,90,90,Liverpool FC ,80500000,240000,Left,Right Winger,#11,"1,75 m",71
G. Xhaka,27,Under Armour,81,84,Arsenal FC ,21500000,94000,Left,Defensive Midfield,#34,"1,86 m",82
H. Mkhitaryan,30,adidas,81,81,Arsenal FC ,17000000,94000,Right,Attacking Midfield,#7,"1,77 m",75
H. Kane,26,Nike,89,91,Tottenham Hotspur ,83000000,220000,Right,Centre-Forward,#10,"1,88 m",89
Alisson,27,Nike,89,91,Liverpool FC ,58000000,155000,Right,Goalkeeper,#1,"1,91 m",91
de Gea,29,,89,90,Manchester United ,56000000,205000,Right,Goalkeeper,#1,"1,89 m",82
N. Kanté,28,adidas,89,90,Chelsea FC ,66000000,235000,Right,Central Midfield,#7,"1,68 m",72
A. Lacazette,28,Nike,86,86,Arsenal FC ,46000000,165000,Right,Centre-Forward,#9,"1,76 m",73
P. Aubameyang,30,Nike,88,88,Arsenal FC ,57000000,205000,Right,Centre-Forward,#14,"1,87 m",80
S. Agüero,31,Puma,89,89,Manchester City ,60000000,300000,Right,Centre-Forward,#10,"1,73 m",70
N. Aké,24,,80,84,AFC Bournemouth ,17500000,58000,Left,Centre-Back,#5,"1,80 m",75
P. Pogba,26,adidas,88,91,Manchester United ,72500000,250000,Right,Central Midfield,#6,"1,91 m",84
Ederson,26,Nike,88,91,Manchester City ,54500000,185000,Left,Goalkeeper,#31,"1,88 m",86
R. Sterling,24,Nike,88,90,Manchester City ,73000000,255000,Right,Left Winger,#7,"1,70 m",69
C. Eriksen,27,Nike,88,89,Tottenham Hotspur ,68000000,205000,Right,Attacking Midfield,#23,"1,82 m",76
R. Fraser,25,,81,83,AFC Bournemouth ,21500000,76000,Right,Left Winger,#24,"1,63 m",70
H. Lloris,32,Nike,88,88,Tottenham Hotspur ,36000000,150000,Left,Goalkeeper,#1,"1,88 m",82
C. Wilson,27,,80,81,AFC Bournemouth ,17500000,81000,Right,Centre-Forward,#13,"1,80 m",66
David Silva,33,Puma,88,88,Manchester City ,36000000,265000,Left,Attacking Midfield,#21,"1,70 m",67
M. Ryan,27,,80,82,Brighton & Hove Albion ,12500000,43000,Right,Goalkeeper,#1,"1,84 m",82
S. Mané,27,New Balance,88,88,Liverpool FC ,62000000,220000,Right,Left Winger,#10,"1,74 m",69
A. Laporte,25,,87,90,Manchester City ,56500000,195000,Left,Centre-Back,#14,"1,91 m",85
Bernardo Silva,25,adidas,87,90,Manchester City ,64000000,210000,Left,Right Winger,#20,"1,73 m",64
H. Son,27,adidas,87,88,Tottenham Hotspur ,60000000,185000,Right,Left Winger,#7,"1,84 m",78
Fernandinho,34,NA,87,87,Manchester City ,19500000,200000,Right,Defensive Midfield,#25,"1,79 m",67
J. Vertonghen,32,Nike,87,87,Tottenham Hotspur ,32500000,155000,Left,Centre-Back,#5,"1,89 m",86
T. Heaton,33,,80,80,Aston Villa ,8000000,50000,Right,Goalkeeper,#1,"1,88 m",92
T. Alderweireld,30,Nike,87,87,Tottenham Hotspur ,41000000,155000,Right,Centre-Back,#4,"1,86 m",81
L. Sané,23,Nike,86,92,Manchester City ,61000000,195000,Left,Left Winger,#19,"1,84 m",75
Roberto Firmino,28,adidas,86,87,Liverpool FC ,52000000,170000,Right,Centre-Forward,#9,"1,81 m",76
Azpilicueta,30,adidas,84,84,Chelsea FC ,25500000,145000,Right,Right-Back,#28,"1,78 m",76
Marcos Alonso,28,Nike,81,81,Chelsea FC ,15000000,115000,Left,Left-Back,#3,"1,88 m",87
David Luiz,32,adidas,83,83,Arsenal FC ,16500000,105000,Right,Centre-Back,#23,"1,89 m",86
A. Rüdiger,26,Nike,82,84,Chelsea FC ,24000000,115000,Right,Centre-Back,#2,"1,90 m",85
A. Christensen,23,adidas,80,87,Chelsea FC ,19000000,85000,Right,Centre-Back,#4,"1,88 m",81
Willian,31,Nike,82,82,Chelsea FC ,21000000,140000,Right,Right Winger,#10,"1,75 m",78
Pedro,32,Nike,82,82,Chelsea FC ,19500000,140000,Right,Right Winger,#11,"1,67 m",65
Rodri,23,Nike,85,90,Manchester City ,47000000,150000,Right,Defensive Midfield,#16,"1,91 m",82
O. Giroud,33,Puma,82,82,Chelsea FC ,17500000,140000,Left,Centre-Forward,#18,"1,93 m",92
Fabinho,26,adidas,85,89,Liverpool FC ,45000000,125000,Right,Defensive Midfield,#3,"1,88 m",78
A. Robertson,25,Nike,85,89,Liverpool FC ,43500000,125000,Left,Left-Back,#26,"1,78 m",64
L. Milivojevi?,28,,81,82,Crystal Palace ,17500000,66000,Right,Defensive Midfield,#4,"1,86 m",80
W. Zaha,27,,83,85,Crystal Palace ,32000000,89000,Right,Right Winger,#11,"1,80 m",66
J. Pickford,25,,83,86,Everton FC ,24000000,78000,Left,Goalkeeper,#1,"1,85 m",77
M. Keane,26,,80,83,Everton FC ,16500000,80000,Right,Centre-Back,#5,"1,88 m",82
J. Rodríguez,30,,85,85,Burnley FC ,40500000,225000,Left,Centre-Forward,#19,"1,85 m",75
G. Sigurðsson,30,,83,83,Everton FC ,25500000,120000,Right,Attacking Midfield,#10,"1,86 m",77
Kepa,25,adidas,84,89,Chelsea FC ,31000000,92000,Right,Goalkeeper,#1,"1,86 m",85
João Cancelo,25,Nike,84,89,Manchester City ,36500000,150000,Right,Right-Back,#27,"1,82 m",74
D. Alli,23,adidas,84,89,Tottenham Hotspur ,41500000,115000,Right,Attacking Midfield,#20,"1,88 m",80
K. Schmeichel,33,New Balance,83,83,Leicester City ,15500000,82000,Right,Goalkeeper,#1,"1,89 m",89
H. Maguire,26,Nike,82,83,Manchester United ,23000000,125000,Right,Centre-Back,#5,"1,94 m",100
Ricardo Pereira,26,Nike,82,84,Leicester City ,23500000,89000,Right,Right-Back,#21,"1,75 m",70
R. Mahrez,28,Nike,84,84,Manchester City ,31500000,195000,Left,Right Winger,#26,"1,79 m",67
Felipe Anderson,26,adidas,84,85,West Ham United ,36500000,125000,Right,Left Winger,#8,"1,75 m",70
João Moutinho,33,,84,84,Wolverhampton Wanderers ,23500000,125000,Right,Central Midfield,#28,"1,70 m",61
W. Ndidi,22,Nike,81,84,Leicester City ,20500000,74000,Right,Defensive Midfield,#25,"1,83 m",74
J. Vardy,32,,82,82,Leicester City ,17500000,115000,Right,Centre-Forward,#9,"1,79 m",74
J. Gomez,22,Nike,80,88,Liverpool FC ,20000000,73000,Right,Centre-Back,#12,"1,88 m",77
G. Wijnaldum,29,adidas,84,84,Liverpool FC ,31000000,140000,Right,Central Midfield,#5,"1,75 m",69
J. Matip,28,adidas,82,84,Liverpool FC ,23000000,99000,Right,Centre-Back,#32,"1,95 m",90
T. Alexander-Arnold,21,Under Armour,83,89,Liverpool FC ,32000000,78000,Right,Right-Back,#66,"1,80 m",69
A. Oxlade-Chamberlain,26,Nike,80,83,Liverpool FC ,18500000,90000,Right,Central Midfield,#15,"1,75 m",70
J. Henderson,29,,83,83,Liverpool FC ,22000000,115000,Right,Central Midfield,#14,"1,87 m",80
I. Gündo?an,29,adidas,84,84,Manchester City ,31000000,180000,Right,Central Midfield,#8,"1,80 m",80
K. Walker,29,Nike,84,84,Manchester City ,25500000,165000,Right,Right-Back,#2,"1,83 m",70
J. Milner,33,,81,81,Liverpool FC ,10500000,105000,Right,Central Midfield,#7,"1,75 m",70
N. Keïta,24,Nike,82,87,Liverpool FC ,29000000,95000,Right,Central Midfield,#8,"1,72 m",64
J. Stones,25,NA,83,87,Manchester City ,30000000,140000,Right,Centre-Back,#5,"1,88 m",70
N. Otamendi,31,,83,83,Manchester City ,19000000,145000,Right,Centre-Back,#30,"1,83 m",81
G. Lo Celso,23,Puma,83,89,Tottenham Hotspur ,35000000,105000,Left,Central Midfield,#18,"1,77 m",68
B. Mendy,25,adidas,80,85,Manchester City ,17500000,96000,Left,Left-Back,#22,"1,85 m",85
A. Martial,23,,83,88,Manchester United ,34500000,140000,Right,Left Winger,#9,"1,83 m",76
N. Pépé,24,Nike,83,88,Arsenal FC ,34500000,97000,Left,Right Winger,#19,"1,83 m",73
M. Rashford,22,Nike,83,88,Manchester United ,35500000,125000,Right,Centre-Forward,#10,"1,85 m",70
Gabriel Jesus,22,,82,88,Manchester City ,31000000,140000,Right,Centre-Forward,#9,"1,75 m",73
S. Romero,32,,80,80,Manchester United ,9000000,85000,Right,Goalkeeper,#22,"1,92 m",86
D. Sánchez,23,Nike,83,87,Tottenham Hotspur ,30500000,93000,Right,Centre-Back,#6,"1,87 m",79
L. Shaw,24,,81,84,Manchester United ,20000000,97000,Left,Left-Back,#23,"1,81 m",75
L. Digne,26,adidas,83,86,Everton FC ,28500000,97000,Left,Left-Back,#12,"1,78 m",74
E. Bailly,25,Puma,80,83,Manchester United ,16500000,105000,Right,Centre-Back,#3,"1,87 m",77
V. Lindelöf,25,,81,87,Manchester United ,22000000,97000,Right,Centre-Back,#2,"1,87 m",80
N. Mati?,31,Puma,81,81,Manchester United ,14500000,115000,Left,Defensive Midfield,#31,"1,94 m",85
Juan Mata,31,,82,82,Manchester United ,19500000,135000,Left,Attacking Midfield,#8,"1,70 m",63
J. Lingard,26,adidas,82,82,Manchester United ,24000000,135000,Right,Right Winger,#14,"1,74 m",62
S. Haller,25,,83,85,West Ham United ,32000000,120000,Right,Centre-Forward,#22,"1,90 m",82
M. Dúbravka,30,,80,81,Newcastle United ,11500000,37000,Right,Goalkeeper,#1,"1,91 m",80
Lucas Moura,27,adidas,83,84,Tottenham Hotspur ,31000000,130000,Right,Right Winger,#27,"1,72 m",70
Jorginho,27,Nike,83,84,Chelsea FC ,29000000,140000,Right,Defensive Midfield,#5,"1,80 m",67
Rui Patrício,31,NA,83,83,Wolverhampton Wanderers ,16500000,82000,Left,Goalkeeper,#11,"1,90 m",84
D. Rose,29,Nike,80,80,Tottenham Hotspur ,12500000,90000,Left,Left-Back,#3,"1,73 m",76
E. Lamela,27,adidas,80,80,Tottenham Hotspur ,15500000,94000,Left,Right Winger,#11,"1,84 m",80
H. Winks,23,adidas,80,86,Tottenham Hotspur ,20000000,82000,Right,Central Midfield,#8,"1,78 m",74
M. Sissoko,30,adidas,81,81,Tottenham Hotspur ,17000000,105000,Right,Central Midfield,#17,"1,87 m",91
M. Kova?i?,25,Nike,82,87,Chelsea FC ,29000000,125000,Right,Central Midfield,#17,"1,77 m",78
L. Torreira,23,NA,82,87,Arsenal FC ,27000000,80000,Right,Defensive Midfield,#11,"1,66 m",64
Rúben Neves,22,,82,87,Wolverhampton Wanderers ,29000000,89000,Right,Defensive Midfield,#8,"1,80 m",80
E. Capoue,31,NA,80,80,Watford FC ,12000000,68000,Right,Defensive Midfield,#29,"1,89 m",87
A. Doucouré,26,NA,81,84,Watford FC ,20000000,73000,Right,Central Midfield,#16,"1,83 m",76
Deulofeu,25,Nike,80,83,Watford FC ,19000000,78000,Right,Right Winger,#7,"1,77 m",73
L. Fabia?ski,34,adidas,82,82,West Ham United ,9500000,75000,Right,Goalkeeper,#1,"1,90 m",83
M. Lanzini,26,Nike,80,82,West Ham United ,18000000,88000,Right,Attacking Midfield,#10,"1,67 m",59
Diogo Jota,22,,80,86,Wolverhampton Wanderers ,20500000,84000,Right,Left Winger,#18,"1,78 m",73
B. Foster,36,,80,80,Watford FC ,2500000,36000,Left,Goalkeeper,#26,"1,93 m",90
X. Shaqiri,28,Nike,82,82,Liverpool FC ,23000000,120000,Left,Right Winger,#23,"1,69 m",72
T. Ndombele,22,adidas,81,89,Tottenham Hotspur ,26000000,87000,Right,Central Midfield,#28,"1,81 m",76
Dani Ceballos,23,,81,87,Arsenal FC ,24000000,82000,Right,Central Midfield,#8,"1,79 m",70
Pablo Fornals,23,Nike,81,87,West Ham United ,24500000,82000,Right,Attacking Midfield,#18,"1,78 m",67
K. Zouma,25,Nike,80,84,Chelsea FC ,17500000,85000,Right,Centre-Back,#15,"1,90 m",96
M. Almirón,25,NA,80,83,Newcastle United ,18500000,52000,Left,Attacking Midfield,#24,"1,74 m",63
Y. Tielemans,22,Nike,80,87,Leicester City ,20500000,76000,Right,Central Midfield,#8,"1,76 m",72
R. Fährmann,31,adidas,80,80,Norwich City ,10000000,43000,Right,Goalkeeper,#21,"1,97 m",98
R. Pereyra,28,Nike,80,80,Watford FC ,15000000,78000,Right,Attacking Midfield,#37,"1,82 m",77
D. Lovren,30,Puma,80,80,Liverpool FC ,12500000,90000,Right,Centre-Back,#6,"1,88 m",84
R. Jiménez,28,,80,80,Wolverhampton Wanderers ,15500000,99000,Right,Centre-Forward,#9,"1,88 m",81
Bernard,27,NA,80,80,Everton FC ,16000000,88000,Right,Left Winger,#20,"1,64 m",60
A. Wan-Bissaka,21,adidas,79,88,Manchester United ,17500000,71000,Right,Right-Back,#29,"1,83 m",72
A. Saint-Maximin,22,,79,86,Newcastle United ,17500000,45000,Right,Right Winger,#10,"1,73 m",67
C. Pulisic,21,Nike,79,86,Chelsea FC ,18000000,85000,Right,Right Winger,#22,"1,72 m",69
R. Loftus-Cheek,23,adidas,79,85,Chelsea FC ,17000000,89000,Right,Central Midfield,#12,"1,91 m",88
B. Chilwell,22,,79,85,Leicester City ,15500000,65000,Left,Left-Back,#3,"1,78 m",77
Wesley,22,NA,79,85,Aston Villa ,17500000,61000,Right,Centre-Forward,#9,"1,91 m",94
J. Ward-Prowse,25,,79,84,Southampton FC ,16500000,53000,Right,Central Midfield,#16,"1,77 m",66
A. Iwobi,23,Nike,79,84,Everton FC ,17000000,72000,Right,Left Winger,#17,"1,83 m",75
J. Gbamin,24,NA,79,84,Everton FC ,15500000,65000,Right,Defensive Midfield,#25,"1,86 m",83
Angeliño,22,Nike,79,84,Manchester City ,15000000,91000,Left,Left-Back,#12,"1,75 m",69
J. Maddison,22,Puma,79,84,Leicester City ,17000000,72000,Right,Attacking Midfield,#10,"1,75 m",73
Richarlison,22,Nike,79,84,Everton FC ,17000000,72000,Right,Left Winger,#7,"1,79 m",71
E. Dier,25,Nike,79,83,Tottenham Hotspur ,14500000,77000,Right,Defensive Midfield,#15,"1,88 m",90
L. Trossard,24,,79,83,Brighton & Hove Albion ,16500000,53000,Right,Left Winger,#11,"1,72 m",67
Jonny,25,NA,79,83,Wolverhampton Wanderers ,14500000,72000,Right,Left-Back,#19,"1,75 m",70
J. Lerma,25,NA,79,83,AFC Bournemouth ,15000000,55000,Right,Defensive Midfield,#8,"1,79 m",70
R. Barkley,25,Nike,79,82,Chelsea FC ,16000000,98000,Right,Central Midfield,#8,"1,85 m",87
J. Tarkowski,26,NA,79,82,Burnley FC ,14000000,39000,Right,Centre-Back,#5,"1,85 m",81
N. Pope,27,,79,82,Burnley FC ,11000000,32000,Right,Goalkeeper,#1,"1,97 m",76
M. Batshuayi,26,adidas,79,82,Chelsea FC ,16000000,110000,Right,Centre-Forward,#23,"1,84 m",88
S. Kolašinac,26,adidas,79,82,Arsenal FC ,13500000,76000,Left,Left-Back,#31,"1,83 m",85
F. Schär,27,NA,79,82,Newcastle United ,13500000,43000,Right,Centre-Back,#5,"1,86 m",84
F. Balbuena,28,adidas,79,82,West Ham United ,13500000,76000,Right,Centre-Back,#4,"1,88 m",85
S. Mustafi,27,Nike,79,81,Arsenal FC ,13000000,76000,Right,Centre-Back,#20,"1,84 m",82
W. Boly,28,,79,81,Wolverhampton Wanderers ,12500000,80000,Right,Centre-Back,#15,"1,95 m",97
B. Davies,26,adidas,79,81,Tottenham Hotspur ,13500000,81000,Left,Left-Back,#33,"1,81 m",76
Fred,26,,79,81,Manchester United ,15000000,110000,Left,Central Midfield,#17,"1,69 m",64
M. Sakho,29,NA,79,80,Crystal Palace ,12000000,58000,Left,Centre-Back,#12,"1,87 m",83
J. King,27,,79,80,AFC Bournemouth ,14500000,77000,Right,Second Striker,#7,"1,81 m",82
P. Jones,27,,79,80,Manchester United ,12500000,100000,Right,Centre-Back,#4,"1,85 m",71
S. Aurier,26,Nike,79,80,Tottenham Hotspur ,13000000,81000,Right,Right-Back,#24,"1,76 m",76
J. Evans,31,,79,79,Leicester City ,9500000,76000,Right,Centre-Back,#6,"1,88 m",77
Nacho Monreal,33,Puma,79,79,Arsenal FC ,5500000,76000,Left,Left-Back,#18,"1,80 m",77
S. Coleman,31,NA,79,79,Everton FC ,10000000,76000,Right,Right-Back,#23,"1,77 m",77
A. Lallana,31,,79,79,Liverpool FC ,11000000,89000,Right,Attacking Midfield,#20,"1,72 m",73
J. Wilshere,27,Nike,79,79,West Ham United ,13000000,83000,Left,Central Midfield,#19,"1,72 m",68
Guaita,32,Puma,79,79,Crystal Palace ,7500000,45000,Right,Goalkeeper,#31,"1,90 m",80
A. Yarmolenko,30,Nike,79,79,West Ham United ,12500000,87000,Left,Right Winger,#7,"1,90 m",83
Soares,28,,79,79,Southampton FC ,13000000,19000,Right,Right-Back,#2,"1,71 m",82
I. Sarr,21,NA,78,88,Watford FC ,17000000,47000,Right,Right Winger,#23,"1,85 m",76
D. Rice,20,NA,78,87,West Ham United ,15000000,49000,Right,Defensive Midfield,#41,"1,85 m",80
I. Diop,22,adidas,78,86,West Ham United ,14000000,59000,Right,Centre-Back,#23,"1,94 m",92
O. Zinchenko,22,Puma,78,85,Manchester City ,13000000,82000,Left,Left-Back,#11,"1,75 m",64
L. Dendoncker,24,Nike,78,84,Wolverhampton Wanderers ,14000000,66000,Right,Defensive Midfield,#32,"1,88 m",88
Joelinton,23,NA,78,84,Newcastle United ,14500000,41000,Right,Centre-Forward,#9,"1,86 m",81
D. Origi,24,Nike,78,83,Liverpool FC ,14000000,77000,Right,Centre-Forward,#27,"1,85 m",75
Y. Mina,25,adidas,78,83,Everton FC ,12500000,59000,Right,Centre-Back,#13,"1,95 m",94
J. Lascelles,26,Nike,78,82,Newcastle United ,12000000,37000,Right,Centre-Back,#6,"1,88 m",89
I. Amadou,26,,78,82,Norwich City ,12000000,46000,Right,Defensive Midfield,#24,"1,83 m",81
M. Meyer,24,,78,82,Crystal Palace ,13500000,48000,Right,Attacking Midfield,#7,"1,73 m",68
S. Duffy,27,,78,80,Brighton & Hove Albion ,11000000,46000,Right,Centre-Back,#4,"1,93 m",76
F. Lejeune,28,,78,80,Newcastle United ,10500000,41000,Right,Centre-Back,#20,"1,90 m",89
L. Dunk,27,,78,80,Brighton & Hove Albion ,11000000,46000,Right,Centre-Back,#5,"1,92 m",88
V. Wanyama,28,adidas,78,79,Tottenham Hotspur ,10500000,77000,Right,Defensive Midfield,#12,"1,84 m",87
C. Kabasele,28,,78,79,Watford FC ,10000000,61000,Right,Centre-Back,#27,"1,87 m",84
M. Doherty,27,,78,79,Wolverhampton Wanderers ,10500000,69000,Right,Right-Back,#2,"1,86 m",87
J. Vestergaard,27,adidas,78,79,Southampton FC ,11000000,51000,Right,Centre-Back,#4,"1,99 m",98
R. Bertrand,30,,78,78,Southampton FC ,8500000,53000,Left,Left-Back,#21,"1,79 m",80
J. Tomkins,30,adidas,78,78,Crystal Palace ,8500000,51000,Right,Centre-Back,#5,"1,92 m",74
J. Hernández,31,Nike,78,78,West Ham United ,9500000,82000,Right,Centre-Forward,#9,"1,75 m",73
J. Holebas,35,,78,78,Watford FC ,2900000,42000,Left,Left-Back,#25,"1,84 m",81
T. Deeney,31,,78,78,Watford FC ,9500000,69000,Right,Centre-Forward,#9,"1,84 m",90
D. Welbeck,28,Nike,78,78,Watford FC ,10500000,72000,Right,Centre-Forward,#10,"1,85 m",73
A. Barnes,30,,78,78,Burnley FC ,10500000,44000,Right,Centre-Forward,#10,"1,86 m",84
B. Mee,30,,78,78,Burnley FC ,8500000,37000,Left,Centre-Back,#6,"1,80 m",82
N. Clyne,28,,78,78,Liverpool FC ,9000000,77000,Right,Right-Back,#2,"1,75 m",67
M. Antonio,29,Umbro,78,78,West Ham United ,10000000,79000,Right,Right Winger,#30,"1,80 m",82
P. Groß,28,adidas,78,78,Brighton & Hove Albion ,10500000,52000,Right,Central Midfield,#13,"1,81 m",78
J. Guðmundsson,29,,78,78,Burnley FC ,10500000,40000,Left,Right Winger,#7,"1,86 m",77
S. Cook,28,,78,78,AFC Bournemouth ,9000000,61000,Right,Centre-Back,#3,"1,85 m",82
A. Townsend,28,adidas,78,78,Crystal Palace ,11000000,55000,Left,Right Winger,#10,"1,81 m",73
M. Rojo,29,,78,78,Manchester United ,8500000,95000,Left,Centre-Back,#16,"1,86 m",85
P. Cutrone,21,NA,77,87,Wolverhampton Wanderers ,14500000,58000,Right,Centre-Forward,#10,"1,83 m",78
D. Brooks,22,,77,86,AFC Bournemouth ,14000000,44000,Left,Attacking Midfield,#20,"1,73 m",62
J. Grealish,24,NA,77,85,Aston Villa ,13000000,47000,Right,Attacking Midfield,#10,"1,75 m",68
L. Cook,22,,77,84,AFC Bournemouth ,12500000,52000,Right,Central Midfield,#16,"1,75 m",71
S. McTominay,22,,77,84,Manchester United ,11500000,73000,Right,Central Midfield,#39,"1,90 m",88
J. Bednarek,23,adidas,77,83,Southampton FC ,11000000,41000,Right,Centre-Back,#35,"1,89 m",77
D. Calvert-Lewin,22,Nike,77,83,Everton FC ,12500000,68000,Right,Centre-Forward,#9,"1,87 m",71
Vallejo,22,Nike,77,83,Wolverhampton Wanderers ,11000000,55000,Right,Centre-Back,#4,"1,84 m",79
W. Hughes,24,Nike,77,82,Watford FC ,12000000,52000,Left,Central Midfield,#19,"1,85 m",74
Emerson,25,Nike,77,82,Chelsea FC ,10500000,68000,Left,Left-Back,#33,"1,75 m",77
P. Højbjerg,24,adidas,77,82,Southampton FC ,11500000,45000,Right,Central Midfield,#23,"1,85 m",84
N. Redmond,25,adidas,77,80,Southampton FC ,11000000,50000,Right,Left Winger,#22,"1,73 m",69
S. Boufal,26,NA,77,80,Southampton FC ,11000000,50000,Right,Left Winger,#19,"1,75 m",67
C. Coady,26,NA,77,79,Wolverhampton Wanderers ,9500000,65000,Right,Centre-Back,#16,"1,85 m",80
Trezeguet,25,,77,79,Aston Villa ,11000000,52000,Right,Left Winger,#17,"1,79 m",78
J. Shelvey,27,NA,77,78,Newcastle United ,10000000,40000,Right,Central Midfield,#8,"1,84 m",80
C. Wood,27,,77,78,Burnley FC ,10500000,39000,Right,Centre-Forward,#9,"1,91 m",92
D. Pröpper,28,NA,77,78,Brighton & Hove Albion ,10000000,47000,Right,Central Midfield,#24,"1,85 m",79
M. van Ginkel,26,,77,78,Chelsea FC ,10500000,87000,Right,Central Midfield,#42,"1,86 m",82
D. Sidibé,27,,77,78,Everton FC ,9000000,65000,Right,Right-Back,#19,"1,82 m",71
J. Hart,32,,77,77,Burnley FC ,5500000,27000,Right,Goalkeeper,#20,"1,96 m",91
A. Young,34,adidas,77,77,Manchester United ,4000000,85000,Right,Left-Back,#18,"1,76 m",65
G. Cahill,33,adidas,77,77,Crystal Palace ,4200000,47000,Right,Centre-Back,#24,"1,93 m",88
T. Walcott,30,adidas,77,77,Everton FC ,8500000,71000,Right,Right Winger,#11,"1,75 m",68
G. Murray,36,,77,77,Brighton & Hove Albion ,4100000,39000,Right,Centre-Forward,#17,"1,86 m",80
C. Bravo,36,NA,77,77,Manchester City ,1500000,47000,Right,Goalkeeper,#1,"1,84 m",80
M. Schneiderlin,30,adidas,77,77,Everton FC ,7500000,68000,Right,Defensive Midfield,#18,"1,86 m",75
F. Delph,29,adidas,77,77,Everton FC ,7500000,68000,Left,Central Midfield,#8,"1,74 m",78
Roberto,33,,77,77,West Ham United ,4800000,52000,Right,Goalkeeper,#13,"1,92 m",94
A. Ogbonna,31,adidas,77,77,West Ham United ,6500000,65000,Left,Centre-Back,#21,"1,91 m",86
D. Drinkwater,29,,77,77,Burnley FC ,8500000,38000,Right,Central Midfield,#8,"1,77 m",81
D. Janmaat,30,NA,77,77,Watford FC ,7500000,57000,Right,Right-Back,#2,"1,85 m",80
A. Westwood,29,NA,77,77,Burnley FC ,8500000,38000,Right,Defensive Midfield,#18,"1,74 m",73
T. Pukki,29,,77,77,Norwich City ,9000000,53000,Right,Centre-Forward,#22,"1,80 m",80
C. Tosun,28,Nike,77,77,Everton FC ,9000000,80000,Right,Centre-Forward,#14,"1,83 m",78
R. Saïss,29,NA,77,77,Wolverhampton Wanderers ,7500000,68000,Left,Defensive Midfield,#27,"1,88 m",84
P. Foden,19,Nike,76,90,Manchester City ,16500000,52000,Left,Central Midfield,#47,"1,71 m",69
M. Kean,19,,76,89,Everton FC ,14500000,43000,Right,Centre-Forward,#27,"1,83 m",79
K. Tierney,22,adidas,76,86,Arsenal FC ,11000000,52000,Left,Left-Back,#3,"1,78 m",78
T. Abraham,22,Nike,76,85,Chelsea FC ,12000000,67000,Right,Centre-Forward,#9,"1,91 m",80
F. Benkovi?,22,NA,76,85,Leicester City ,11000000,43000,Right,Centre-Back,#16,"1,94 m",91
Danjuma,22,NA,76,84,AFC Bournemouth ,11500000,49000,Right,Left Winger,#14,"1,78 m",80
I. Hayden,24,Puma,76,83,Newcastle United ,10000000,29000,Right,Defensive Midfield,#14,"1,86 m",79
A. Gunn,23,,76,83,Southampton FC ,8000000,29000,Right,Goalkeeper,#28,"1,96 m",77
R. Holding,24,Nike,76,83,Arsenal FC ,10000000,52000,Right,Centre-Back,#16,"1,89 m",75
B. Engels,25,Nike,76,82,Aston Villa ,9500000,40000,Right,Centre-Back,#22,"1,94 m",83
F. Guilbert,24,,76,82,Aston Villa ,9500000,40000,Right,Right-Back,#24,"1,78 m",70
D. Praet,25,Nike,76,81,Leicester City ,10000000,63000,Right,Central Midfield,#26,"1,81 m",78
Camarasa,25,,76,80,Crystal Palace ,10000000,46000,Right,Central Midfield,#23,"1,83 m",76
M. Nakamba,25,DIADORA,76,80,Aston Villa ,9000000,44000,Left,Defensive Midfield,#11,"1,77 m",76
R. Morrison,26,adidas,76,79,Sheffield United ,9500000,34000,Right,Attacking Midfield,#14,"1,75 m",71
J. Locadia,26,,76,79,Brighton & Hove Albion ,10000000,46000,Right,Centre-Forward,#9,"1,85 m",87
C. Taylor,26,,76,79,Burnley FC ,8500000,29000,Left,Left-Back,#3,"1,76 m",70
A. Masuaku,26,,76,79,West Ham United ,8500000,57000,Left,Left-Back,#26,"1,79 m",70
D. Yedlin,26,adidas,76,79,Newcastle United ,8500000,32000,Right,Right-Back,#22,"1,73 m",75
F. Andone,26,,76,79,Brighton & Hove Albion ,9500000,48000,Right,Centre-Forward,#10,"1,80 m",78
Oriol Romeu,28,,76,78,Southampton FC ,8000000,44000,Right,Defensive Midfield,#14,"1,83 m",83
A. McCarthy,29,,76,77,Southampton FC ,6000000,38000,Right,Goalkeeper,#1,"1,93 m",79
D. Ings,27,Nike,76,77,Southampton FC ,9000000,53000,Right,Centre-Forward,#9,"1,78 m",73
P. Jagielka,37,NA,76,76,Sheffield United ,1600000,22000,Right,Centre-Back,#15,"1,80 m",87
Gomes,38,,76,76,Watford FC ,775000,27000,Right,Goalkeeper,#1,"1,91 m",95
M. Noble,32,adidas,76,76,West Ham United ,6000000,66000,Right,Central Midfield,#16,"1,80 m",76
R. Snodgrass,32,Nike,76,76,West Ham United ,7000000,66000,Left,Right Winger,#11,"1,82 m",82
J. Cork,30,,76,76,Burnley FC ,7000000,34000,Right,Defensive Midfield,#4,"1,85 m",75
J. McArthur,32,NA,76,76,Crystal Palace ,6500000,48000,Right,Central Midfield,#18,"1,78 m",66
Adrián,32,adidas,76,76,Liverpool FC ,7000000,32000,Right,Goalkeeper,#13,"1,90 m",73
W. Reid,31,Nike,76,76,West Ham United ,6000000,60000,Right,Centre-Back,#2,"1,91 m",87
Ki Sung Yueng,30,NA,76,76,Newcastle United ,7000000,37000,Right,Defensive Midfield,#4,"1,89 m",75
C. Cathcart,30,,76,76,Watford FC ,6000000,51000,Right,Centre-Back,#15,"1,89 m",83
D. Stephens,29,,76,76,Brighton & Hove Albion ,7000000,44000,Right,Central Midfield,#6,"1,85 m",78
M. Albrighton,29,NA,76,76,Leicester City ,7500000,69000,Right,Right Midfield,#11,"1,75 m",74
P. van Aanholt,29,Nike,76,76,Crystal Palace ,6500000,46000,Left,Left-Back,#3,"1,76 m",67
C. Kouyaté,29,,76,76,Crystal Palace ,6500000,46000,Right,Defensive Midfield,#8,"1,89 m",83
A. Cresswell,29,adidas,76,76,West Ham United ,6500000,63000,Left,Left-Back,#3,"1,70 m",66
T. Cleverley,30,,76,76,Watford FC ,7500000,58000,Right,Central Midfield,#8,"1,75 m",67
Kiko Femenía,28,,76,76,Watford FC ,6500000,53000,Right,Right-Back,#21,"1,71 m",61
A. Smith,28,,76,76,AFC Bournemouth ,6500000,53000,Right,Right-Back,#15,"1,74 m",78
A. Gray,28,,76,76,Watford FC ,8000000,63000,Right,Centre-Forward,#18,"1,78 m",78
Montoya,28,,76,76,Brighton & Hove Albion ,6500000,42000,Right,Right-Back,#22,"1,75 m",73
A. Mooy,29,,76,76,Brighton & Hove Albion ,7500000,46000,Right,Central Midfield,#18,"1,79 m",72
R. Brady,27,,76,76,Burnley FC ,8000000,34000,Left,Left Midfield,#12,"1,76 m",77
F. Fernández,30,adidas,76,76,Newcastle United ,6000000,34000,Right,Centre-Back,#18,"1,90 m",83
D. Gayle,29,,76,76,Newcastle United ,8000000,42000,Right,Centre-Forward,#12,"1,77 m",78
J. Izquierdo,27,,76,76,Brighton & Hove Albion ,8500000,48000,Right,Left Winger,#19,"1,71 m",75
M. Mount,20,Nike,75,86,Chelsea FC ,11500000,57000,Right,Attacking Midfield,#19,"1,78 m",64
R. Sessegnon,19,Nike,75,86,Tottenham Hotspur ,11000000,38000,Left,Left Midfield,#19,"1,78 m",71
M. Guendouzi,20,adidas,75,86,Arsenal FC ,11500000,46000,Right,Central Midfield,#29,"1,84 m",68
H. Wilson,22,,75,85,AFC Bournemouth ,10500000,51000,Left,Right Winger,#22,"1,73 m",70
D. Henderson,22,,75,85,Sheffield United ,8500000,20000,Right,Goalkeeper,#1,"1,88 m",85
Diogo Dalot,20,Nike,75,85,Manchester United ,10000000,54000,Right,Right-Back,#20,"1,83 m",76
H. Barnes,21,,75,85,Leicester City ,11000000,52000,Right,Left Midfield,#15,"1,80 m",66
A. Maitland-Niles,22,Nike,75,84,Arsenal FC ,9500000,41000,Right,Right Midfield,#15,"1,80 m",71
T. Davies,21,,75,82,Everton FC ,9500000,46000,Right,Central Midfield,#26,"1,80 m",70
N. Maupay,23,NA,75,81,Brighton & Hove Albion ,9500000,40000,Right,Centre-Forward,#7,"1,73 m",69
M. Holgate,23,NA,75,81,Everton FC ,8000000,49000,Right,Centre-Back,#2,"1,87 m",75
Y. Bissouma,23,Nike,75,81,Brighton & Hove Albion ,9000000,36000,Right,Central Midfield,#8,"1,82 m",80
E. Martínez,27,Puma,75,80,Arsenal FC ,6500000,46000,Right,Goalkeeper,#26,"1,90 m",85
C. Chambers,24,Nike,75,80,Arsenal FC ,8000000,49000,Right,Right-Back,#21,"1,83 m",73
J. McGinn,25,NA,75,80,Aston Villa ,9000000,42000,Left,Central Midfield,#7,"1,78 m",68
D. Gray,23,adidas,75,80,Leicester City ,9000000,60000,Right,Left Winger,#7,"1,80 m",74
Bernardo,24,,75,80,Brighton & Hove Albion ,8000000,33000,Left,Left-Back,#30,"1,86 m",76
N. Chalobah,24,,75,79,Watford FC ,8000000,42000,Right,Defensive Midfield,#14,"1,85 m",76
P. Gazzaniga,27,adidas,75,78,Tottenham Hotspur ,6000000,50000,Right,Goalkeeper,#22,"1,95 m",90
J. Willems,25,,75,78,Newcastle United ,7500000,31000,Left,Left-Back,#15,"1,69 m",82
S. March,25,,75,78,Brighton & Hove Albion ,8500000,36000,Left,Left Midfield,#20,"1,80 m",77
L. Kalinic,29,,75,77,Aston Villa ,5500000,38000,Left,Goalkeeper,#28,"2,01 m",99
J. Lössl,30,Nike,75,76,Everton FC ,5000000,46000,Right,Goalkeeper,#49,"1,95 m",88
C. Clark,30,NA,75,76,Newcastle United ,6500000,34000,Left,Centre-Back,#2,"1,88 m",88
M. Kelly,29,,75,76,Crystal Palace ,6500000,44000,Right,Right-Back,#34,"1,91 m",77
J. Drmi?,27,adidas,75,76,Norwich City ,8000000,46000,Right,Centre-Forward,#20,"1,84 m",81
S. Armstrong,27,NA,75,76,Southampton FC ,7500000,46000,Right,Central Midfield,#17,"1,83 m",75
P. Dummett,28,Nike,75,76,Newcastle United ,6500000,32000,Left,Left-Back,#3,"1,83 m",82
A. Jahanbakhsh,26,adidas,75,76,Brighton & Hove Albion ,8000000,44000,Right,Right Winger,#16,"1,80 m",78
Y. Mut?,27,,75,76,Newcastle United ,8000000,39000,Right,Centre-Forward,#13,"1,78 m",72
A. Boruc,39,New Balance,75,75,AFC Bournemouth ,675000,23000,Right,Goalkeeper,#1,"1,93 m",87
S. Francis,34,,75,75,AFC Bournemouth ,2500000,49000,Right,Right-Back,#2,"1,91 m",90
W. Morgan,35,NA,75,75,Leicester City ,2000000,41000,Right,Centre-Back,#5,"1,85 m",101
W. Caballero,38,,75,75,Chelsea FC ,675000,37000,Right,Goalkeeper,#13,"1,86 m",81
P. Zabaleta,34,Nike,75,75,West Ham United ,2300000,57000,Right,Right-Back,#5,"1,76 m",74
S. Dann,32,adidas,75,75,Crystal Palace ,4300000,42000,Right,Centre-Back,#6,"1,94 m",78
L. Baines,34,NA,75,75,Everton FC ,2300000,57000,Left,Left-Back,#3,"1,70 m",70
W. Hennessey,32,Nike,75,75,Crystal Palace ,4000000,34000,Right,Goalkeeper,#13,"1,97 m",90
A. Surman,33,,75,75,AFC Bournemouth ,5000000,53000,Left,Central Midfield,#6,"1,78 m",73
A. Mariappa,33,"_x005F_x005F_x005F_x005F_x005F_x005F_x005F_x005F_x005F_x005F_x005F_x005F_x005F_x005F_x005F_x005F_x005F_x005F_x005F_x005F_x005F_x005F_x005F_x005F_x005F_x005F_x005F_x005F_x005F_x005F_x005F_x005F_x005F_x005F_x005F_x005F_x005F_x005F_x005F_x005F_x005F_x005F_x005F_x005F_x005F_x005F_x005F_x005F_x005F_x005F_x005F_x005F_x005F_x005F_x005F_x005F_x005F_x005F_x005F_x005F_x005F_x005F_x005F_x005F_x005F_x005F_x005F_x005F_x005F_x005F_x005F_x005F_x005F_x005F_x005F_x005F_x005F_x005F_x005F_x005F_x005F_x005F_x005F_x005F_x005F_x005F_x005F_x005F_x005F_x005F_x005F_x005F_x005F_x005F_x005F_x005F_x005F_x005F_x005F_x005F_x005F_x005F_x005F_x005F_x005F_x005F_x005F_x005F_x005F_x005F_x005F_x005F_x005F_x005F_x005F_x005F_x005F_x005F_x005F_x005F_x005F_x005F_x005F_x005F_x005F_x005F_x005F_x000D__x005F_x005F_x005F_x005F_x005F_x005F_x005F_x005F_x005F_x005F_x005F_x005F_x005F_x005F_x005F_x005F_x005F_x005F_x005F_x005F_x005F_x005F_x005F_x005F_x005F_x005F_x005F_x005F_x005F_x005F_x005F_x005F_x005F_x005F_x005F_x005F_x005F_x005F_x005F_x005F_x005F_x005F_x005F_x005F_x005F_x005F_x005F_x005F_x005F_x005F_x005F_x005F_x005F_x005F_x005F_x005F_x005F_x005F_x005F_x005F_x005F_x005F_x005F_x005F_x005F_x005F_x005F_x005F_x005F_x005F_x005F_x005F_x005F_x005F_x005F_x005F_x005F_x005F_x005F_x005F_x005F_x005F_x005F_x005F_x005F_x005F_x005F_x005F_x005F_x005F_x005F_x005F_x005F_x005F_x005F_x005F_x005F_x005F_x005F_x005F_x005F_x005F_x005F_x005F_x005F_x005F_x005F_x005F_x005F_x005F_x005F_x005F_x005F_x005F_x005F_x005F_x005F_x005F_x005F_x005F_x005F_x005F_x005F_x005F_x005F_x005F_x005F_x000D_
			_x005F_x005F_x005F_x005F_x005F_x005F_x005F_x005F_x005F_x005F_x005F_x005F_x005F_x005F_x005F_x005F_x005F_x005F_x005F_x005F_x005F_x005F_x005F_x005F_x005F_x005F_x005F_x005F_x005F_x005F_x005F_x005F_x005F_x005F_x005F_x005F_x005F_x005F_x005F_x005F_x005F_x005F_x005F_x005F_x005F_x005F_x005F_x005F_x005F_x005F_x005F_x005F_x005F_x005F_x005F_x005F_x005F_x005F_x005F_x005F_x005F_x005F_x005F_x005F_x005F_x005F_x005F_x005F_x005F_x005F_x005F_x005F_x005F_x005F_x005F_x005F_x005F_x005F_x005F_x005F_x005F_x005F_x005F_x005F_x005F_x005F_x005F_x005F_x005F_x005F_x005F_x005F_x005F_x005F_x005F_x005F_x005F_x005F_x005F_x005F_x005F_x005F_x005F_x005F_x005F_x005F_x005F_x005F_x005F_x005F_x005F_x005F_x005F_x005F_x005F_x005F_x005F_x005F_x005F_x005F_x005F_x005F_x005F_x005F_x005F_x005F_x005F_x000D__x005F_x005F_x005F_x005F_x005F_x005F_x005F_x005F_x005F_x005F_x005F_x005F_x005F_x005F_x005F_x005F_x005F_x005F_x005F_x005F_x005F_x005F_x005F_x005F_x005F_x005F_x005F_x005F_x005F_x005F_x005F_x005F_x005F_x005F_x005F_x005F_x005F_x005F_x005F_x005F_x005F_x005F_x005F_x005F_x005F_x005F_x005F_x005F_x005F_x005F_x005F_x005F_x005F_x005F_x005F_x005F_x005F_x005F_x005F_x005F_x005F_x005F_x005F_x005F_x005F_x005F_x005F_x005F_x005F_x005F_x005F_x005F_x005F_x005F_x005F_x005F_x005F_x005F_x005F_x005F_x005F_x005F_x005F_x005F_x005F_x005F_x005F_x005F_x005F_x005F_x005F_x005F_x005F_x005F_x005F_x005F_x005F_x005F_x005F_x005F_x005F_x005F_x005F_x005F_x005F_x005F_x005F_x005F_x005F_x005F_x005F_x005F_x005F_x005F_x005F_x005F_x005F_x005F_x005F_x005F_x005F_x005F_x005F_x005F_x005F_x005F_x005F_x000D_
			_x005F_x005F_x005F_x005F_x005F_x005F_x005F_x005F_x005F_x005F_x005F_x005F_x005F_x005F_x005F_x005F_x005F_x005F_x005F_x005F_x005F_x005F_x005F_x005F_x005F_x005F_x005F_x005F_x005F_x005F_x005F_x005F_x005F_x005F_x005F_x005F_x005F_x005F_x005F_x005F_x005F_x005F_x005F_x005F_x005F_x005F_x005F_x005F_x005F_x005F_x005F_x005F_x005F_x005F_x005F_x005F_x005F_x005F_x005F_x005F_x005F_x005F_x005F_x005F_x005F_x005F_x005F_x005F_x005F_x005F_x005F_x005F_x005F_x005F_x005F_x005F_x005F_x005F_x005F_x005F_x005F_x005F_x005F_x005F_x005F_x005F_x005F_x005F_x005F_x005F_x005F_x005F_x005F_x005F_x005F_x005F_x005F_x005F_x005F_x005F_x005F_x005F_x005F_x005F_x005F_x005F_x005F_x005F_x005F_x005F_x005F_x005F_x005F_x005F_x005F_x005F_x005F_x005F_x005F_x005F_x005F_x005F_x005F_x005F_x005F_x005F_x005F_x000D__x005F_x005F_x005F_x005F_x005F_x005F_x005F_x005F_x005F_x005F_x005F_x005F_x005F_x005F_x005F_x005F_x005F_x005F_x005F_x005F_x005F_x005F_x005F_x005F_x005F_x005F_x005F_x005F_x005F_x005F_x005F_x005F_x005F_x005F_x005F_x005F_x005F_x005F_x005F_x005F_x005F_x005F_x005F_x005F_x005F_x005F_x005F_x005F_x005F_x005F_x005F_x005F_x005F_x005F_x005F_x005F_x005F_x005F_x005F_x005F_x005F_x005F_x005F_x005F_x005F_x005F_x005F_x005F_x005F_x005F_x005F_x005F_x005F_x005F_x005F_x005F_x005F_x005F_x005F_x005F_x005F_x005F_x005F_x005F_x005F_x005F_x005F_x005F_x005F_x005F_x005F_x005F_x005F_x005F_x005F_x005F_x005F_x005F_x005F_x005F_x005F_x005F_x005F_x005F_x005F_x005F_x005F_x005F_x005F_x005F_x005F_x005F_x005F_x005F_x005F_x005F_x005F_x005F_x005F_x005F_x005F_x005F_x005F_x005F_x005F_x005F_x005F_x000D_
	",75,75,Watford FC ,4300000,49000,Right,Centre-Back,#6,"1,79 m",79
A. Carroll,30,,75,75,Newcastle United ,6500000,39000,Left,Centre-Forward,#7,"1,93 m",79
C. Sánchez,33,Nike,75,75,West Ham United ,3200000,57000,Right,Defensive Midfield,#15,"1,82 m",82
C. Benteke,28,Nike,75,75,Crystal Palace ,7000000,52000,Right,Centre-Forward,#17,"1,90 m",83
D. Gosling,29,NA,75,75,AFC Bournemouth ,6500000,55000,Right,Central Midfield,#4,"1,80 m",79
O. Norwood,28,adidas,75,75,Sheffield United ,6500000,34000,Right,Central Midfield,#16,"1,75 m",69
M. Ritchie,30,NA,75,75,Newcastle United ,5500000,34000,Left,Right Midfield,#11,"1,73 m",76
J. McCarthy,29,NA,75,75,Crystal Palace ,6000000,44000,Right,Central Midfield,#22,"1,80 m",72
J. Stanislas,29,,75,75,AFC Bournemouth ,6500000,55000,Right,Left Winger,#19,"1,83 m",76
M. Yoshida,31,,75,75,Southampton FC ,5500000,42000,Right,Centre-Back,#3,"1,89 m",78
C. Dawson,29,,75,75,Watford FC ,5500000,51000,Right,Centre-Back,#4,"1,88 m",82
J. Ayew,28,,75,75,Crystal Palace ,7000000,50000,Right,Centre-Forward,#9,"1,82 m",81
N. Mendy,27,NA,75,75,Leicester City ,6000000,57000,Right,Defensive Midfield,#24,"1,67 m",73
M. Lowton,30,,75,75,Burnley FC ,5500000,29000,Right,Right-Back,#2,"1,80 m",78
J. Hendrick,27,adidas,75,75,Burnley FC ,7000000,32000,Right,Central Midfield,#13,"1,85 m",84
C. Hudson-Odoi,19,adidas,74,88,Chelsea FC ,11500000,31000,Right,Left Winger,#20,"1,77 m",75
J. Foyth,21,adidas,74,85,Tottenham Hotspur ,9000000,40000,Right,Centre-Back,#21,"1,87 m",69
D. McNeil,19,,74,85,Burnley FC ,9500000,17000,Left,Left Winger,#11,"1,83 m",68
Douglas Luiz,21,NA,74,84,Aston Villa ,9000000,33000,Right,Central Midfield,#6,"1,78 m",70
H. Choudhury,22,,74,83,Leicester City ,8000000,38000,Right,Defensive Midfield,#20,"1,78 m",64
M. Djenepo,21,NA,74,83,Southampton FC ,8500000,32000,Right,Left Winger,#12,"1,77 m",65
P. Billing,23,adidas,74,82,AFC Bournemouth ,8000000,43000,Left,Central Midfield,#29,"1,98 m",80
P. Roberts,22,,74,82,Norwich City ,8500000,34000,Left,Right Winger,#7,"1,67 m",66
A. Ajeti,22,Nike,74,82,West Ham United ,8500000,56000,Right,Centre-Forward,#27,"1,83 m",78
C. Söyüncü,23,Nike,74,82,Leicester City ,7500000,46000,Right,Centre-Back,#4,"1,87 m",82
O. McBurnie,23,,74,81,Sheffield United ,8000000,29000,Right,Centre-Forward,#9,"1,88 m",77
C. Adams,23,NA,74,81,Southampton FC ,8000000,41000,Right,Centre-Forward,#10,"1,79 m",66
E. Buendía,22,,74,81,Norwich City ,8000000,34000,Right,Right Winger,#17,"1,72 m",65
J. Stephens,25,,74,80,Southampton FC ,7000000,37000,Right,Centre-Back,#5,"1,85 m",75
K. Walker-Peters,22,adidas,74,80,Tottenham Hotspur ,7000000,49000,Right,Right-Back,#16,"1,73 m",64
J. O'Connell,25,,74,79,Sheffield United ,6500000,26000,Left,Centre-Back,#5,"1,91 m",85
A. El Ghazi,24,Nike,74,79,Aston Villa ,7500000,43000,Right,Right Winger,#21,"1,89 m",90
A. Masina,25,NA,74,79,Watford FC ,6500000,43000,Left,Left-Back,#11,"1,91 m",87
B. Gibson,26,adidas,74,78,Burnley FC ,6500000,27000,Left,Centre-Back,#14,"1,85 m",78
A. Webster,24,NA,74,78,Brighton & Hove Albion ,6500000,30000,Right,Centre-Back,#15,"1,90 m",75
E. Krafth,25,,74,78,Newcastle United ,6500000,26000,Right,Right-Back,#17,"1,84 m",72
Manquillo,25,,74,78,Newcastle United ,6500000,29000,Right,Right-Back,#19,"1,78 m",76
T. Mings,26,Nike,74,78,Aston Villa ,6500000,41000,Left,Centre-Back,#40,"1,95 m",77
J. Egan,27,,74,77,Sheffield United ,6000000,27000,Right,Centre-Back,#12,"1,85 m",75
R. Fredericks,27,Nike,74,76,West Ham United ,6000000,53000,Right,Right-Back,#24,"1,81 m",74
Diego Rico,26,NA,74,76,AFC Bournemouth ,6000000,45000,Left,Left-Back,#21,"1,83 m",76
J. Schlupp,26,adidas,74,75,Crystal Palace ,6500000,43000,Left,Left Midfield,#15,"1,78 m",72
D. Foulquier,26,,74,75,Watford FC ,6500000,49000,Right,Right-Back,#36,"1,83 m",78
A. Lennon,32,NA,74,74,Burnley FC ,4400000,30000,Right,Right Winger,#25,"1,65 m",63
B. Sharp,33,,74,74,Sheffield United ,3500000,32000,Right,Centre-Forward,#10,"1,75 m",70
S. Long,32,"	",74,74,Southampton FC ,4500000,46000,Right,Centre-Forward,#7,"1,80 m",70
G. Bong,31,,74,74,Brighton & Hove Albion ,4100000,35000,Left,Left-Back,#3,"1,83 m",74
H. Saivet,29,,74,74,Newcastle United ,5500000,34000,Right,Attacking Midfield,#28,"1,75 m",76
J. Chester,30,,74,74,Aston Villa ,4600000,41000,Right,Centre-Back,#5,"1,77 m",79
L. Balogun,31,adidas,74,74,Brighton & Hove Albion ,4200000,35000,Right,Centre-Back,#14,"1,90 m",88
E. Stevens,29,,74,74,Sheffield United ,4800000,29000,Left,Left-Back,#3,"1,83 m",78
M. Zeegelaar,29,,74,74,Watford FC ,4800000,47000,Left,Left-Back,#32,"1,86 m",82
C. Hourihane,28,NA,74,74,Aston Villa ,5500000,47000,Left,Central Midfield,#14,"1,81 m",70
T. Klose,31,,74,74,Norwich City ,4200000,35000,Right,Centre-Back,#15,"1,95 m",87
C. Atsu,27,Nike,74,74,Newcastle United ,6000000,33000,Left,Left Winger,#30,"1,65 m",65
R. James,19,,73,86,Chelsea FC ,7000000,31000,Right,Right-Back,#24,"1,82 m",82
A. Tuanzebe,22,,73,84,Manchester United ,6500000,46000,Right,Centre-Back,#38,"1,84 m",72
T. Fosu-Mensah,21,,73,81,Manchester United ,5500000,46000,Right,Right-Back,#24,"1,90 m",78
C. Mepham,22,NA,73,81,AFC Bournemouth ,5500000,30000,Right,Centre-Back,#33,"1,91 m",75
K. Iheanacho,23,Nike,73,80,Leicester City ,5500000,51000,Left,Centre-Forward,#14,"1,85 m",80
I. Success,23,Nike,73,79,Watford FC ,5500000,43000,Right,Left Winger,#22,"1,82 m",90
J. Ibe,23,,73,78,AFC Bournemouth ,5500000,39000,Right,Right Winger,#10,"1,76 m",81
C. Robinson,24,,73,78,Sheffield United ,5500000,26000,Right,Left Winger,#11,"1,78 m",75
D. Amartey,24,Puma,73,76,Leicester City ,4500000,42000,Right,Defensive Midfield,#18,"1,86 m",79
K. Darlow,29,,73,75,Newcastle United ,3500000,24000,Right,Goalkeeper,#26,"1,90 m",78
M. Leitner,26,adidas,73,75,Norwich City ,4800000,36000,Right,Central Midfield,#10,"1,74 m",68
T. Trybull,26,,73,75,Norwich City ,4300000,33000,Right,Defensive Midfield,#19,"1,81 m",72
L. Freeman,27,,73,74,Sheffield United ,4600000,27000,Left,Attacking Midfield,#8,"1,76 m",73
J. Fleck,28,NA,73,74,Sheffield United ,4500000,27000,Left,Central Midfield,#4,"1,69 m",72
K. Long,29,,73,74,Burnley FC ,3900000,26000,Right,Centre-Back,#28,"1,88 m",82
M. Vydra,27,,73,74,Burnley FC ,4600000,27000,Right,Centre-Forward,#27,"1,80 m",71
O. Hernández,26,Nike,73,74,Norwich City ,4700000,36000,Right,Left Winger,#11,"1,72 m",76
D. Ward,26,,73,74,Leicester City ,3300000,39000,Right,Goalkeeper,#12,"1,91 m",88
M. Stekelenburg,37,,73,73,Everton FC ,675000,26000,Right,Goalkeeper,#22,"1,97 m",92
C. Fuchs,33,Puma,73,73,Leicester City ,1800000,49000,Left,Left-Back,#28,"1,87 m",89
J. Lewis,21,NA,73,73,Norwich City ,2600000,6000,Right,Left-Back,#12,"1,78 m",85
C. Daniels,33,Under Armour,73,73,AFC Bournemouth ,2500000,41000,Left,Left-Back,#11,"1,78 m",75
T. Krul,31,Nike,73,73,Norwich City ,2600000,26000,Left,Goalkeeper,#1,"1,93 m",74
S. Prödl,32,Puma,73,73,Watford FC ,2600000,41000,Right,Centre-Back,#5,"1,94 m",97
M. Vran?i?,30,,73,73,Norwich City ,3700000,36000,Left,Central Midfield,#8,"1,87 m",78
E. Pieters,31,Nike,73,73,Burnley FC ,3200000,25000,Left,Left-Back,#23,"1,83 m",87
R. Bennett,29,,73,73,Wolverhampton Wanderers ,3400000,51000,Right,Centre-Back,#5,"1,88 m",78
C. Basham,31,,73,73,Sheffield United ,3200000,25000,Right,Centre-Back,#6,"1,90 m",80
J. Ward,30,,73,73,Crystal Palace ,3300000,37000,Right,Right-Back,#2,"1,86 m",83
J. Kodjia,30,,73,73,Aston Villa ,4000000,46000,Right,Centre-Forward,#26,"1,89 m",77
M. Stiepermann,28,,73,73,Norwich City ,4000000,37000,Left,Attacking Midfield,#18,"1,90 m",86
E. Schelotto,30,,73,73,Brighton & Hove Albion ,3200000,33000,Right,Right-Back,#21,"1,87 m",77
Jota,28,,73,73,Aston Villa ,4000000,46000,Left,Right Winger,#23,"1,80 m",70
O. Niasse,29,,73,73,Everton FC ,4000000,60000,Right,Centre-Forward,#29,"1,82 m",82
R. Nelson,19,adidas,72,85,Arsenal FC ,6000000,31000,Right,Right Winger,#24,"1,75 m",71
M. Aarons,19,,72,85,Norwich City ,5500000,15000,Right,Right-Back,#2,"1,78 m",73
D. James,22,adidas,72,84,Manchester United ,5500000,46000,Right,Left Winger,#21,"1,70 m",76
S. Longstaff,22,,72,84,Newcastle United ,5500000,20000,Right,Central Midfield,#36,"1,81 m",65
F. Tomori,21,adidas,72,83,Chelsea FC ,4900000,38000,Right,Centre-Back,#29,"1,84 m",75
T. B?lu??,20,NA,72,83,Brighton & Hove Albion ,5000000,21000,Right,Defensive Midfield,#28,"1,91 m",80
M. Targett,24,NA,72,81,Aston Villa ,4300000,28000,Left,Left-Back,#18,"1,83 m",70
B. Osborn,25,NA,72,77,Sheffield United ,3700000,19000,Left,Left Midfield,#23,"1,76 m",75
M. Beši?,27,,72,75,Sheffield United ,3800000,24000,Right,Defensive Midfield,#27,"1,80 m",80
S. Byram,26,NA,72,75,Norwich City ,3400000,27000,Right,Right-Back,#3,"1,83 m",72
J. Riedewald,23,adidas,72,75,Crystal Palace ,3500000,27000,Left,Centre-Back,#44,"1,82 m",79
C. Zimmermann,26,NA,72,75,Norwich City ,3400000,29000,Right,Centre-Back,#6,"1,94 m",92
M. Hector,27,,72,74,Chelsea FC ,3300000,53000,Right,Centre-Back,NA,"1,93 m",82
K. McLean,27,NA,72,73,Norwich City ,3500000,31000,Left,Central Midfield,#23,"1,80 m",70
L. Grant,36,,72,72,Manchester United ,525000,30000,Right,Goalkeeper,#13,"1,93 m",83
S. Carson,34,,72,72,Manchester City ,1700000,49000,Right,Goalkeeper,#33,"1,88 m",86
P. Bardsley,34,,72,72,Burnley FC ,1100000,22000,Right,Right-Back,#26,"1,80 m",79
D. McGoldrick,31,,72,72,Sheffield United ,2800000,26000,Right,Centre-Forward,#17,"1,84 m",74
O. Nyland,29,NA,72,72,Aston Villa ,2300000,28000,Right,Goalkeeper,#25,"1,92 m",90
B. Godfrey,21,,71,82,Norwich City ,3800000,18000,Right,Centre-Back,#4,"1,83 m",74
K. Danso,21,,71,80,Southampton FC ,3400000,20000,Right,Centre-Back,#38,"1,90 m",89
B. Kapustka,22,Nike,71,79,Leicester City ,3500000,36000,Right,Attacking Midfield,NA,"1,79 m",67
L. Mousset,23,NA,71,76,Sheffield United ,3200000,20000,Right,Centre-Forward,#22,"1,84 m",80
A. Traoré,23,NA,71,76,Wolverhampton Wanderers ,3100000,19000,Left,Right Winger,#37,"1,78 m",72
D. Burn,27,,71,72,Brighton & Hove Albion ,2400000,25000,Left,Centre-Back,#33,"2,01 m",87
A. Tettey,33,NA,71,71,Norwich City ,1200000,25000,Right,Defensive Midfield,#27,"1,81 m",68
J. Colback,30,Nike,71,71,Newcastle United ,2000000,22000,Left,Defensive Midfield,NA,"1,77 m",77
E. García,18,,71,71,Manchester City ,2000000,13000,Right,Centre-Back,#50,"1,83 m",67
M. Gibbs-White,19,,70,86,Wolverhampton Wanderers ,3800000,20000,Right,Central Midfield,#17,"1,71 m",70
Rúben Vinagre,20,,70,84,Wolverhampton Wanderers ,3600000,24000,Left,Left-Back,#29,"1,74 m",64
K. Mavropanos,21,NA,70,82,Arsenal FC ,2900000,24000,Right,Centre-Back,#27,"1,94 m",88
D. Solanke,22,adidas,70,80,AFC Bournemouth ,2900000,25000,Right,Centre-Forward,#9,"1,86 m",80
E. Konsa,22,NA,70,80,Aston Villa ,2600000,18000,Right,Centre-Back,#15,"1,83 m",77
J. Stacey,23,,70,79,AFC Bournemouth ,2500000,24000,Right,Right-Back,#17,"1,80 m",62
M. Verrips,22,,70,77,Sheffield United ,1900000,11000,Right,Goalkeeper,#21,"1,96 m",90
J. Steer,27,,70,73,Aston Villa ,1600000,21000,Left,Goalkeeper,#12,"1,82 m",80
C. Wickham,26,Nike,70,72,Crystal Palace ,2200000,29000,Right,Centre-Forward,#21,"1,89 m",90
G. Hanley,27,NA,70,71,Norwich City ,1800000,22000,Right,Centre-Back,#5,"1,88 m",81
L. Clarke,34,,70,70,Sheffield United ,925000,20000,Right,Centre-Forward,#24,"1,88 m",89
J. Ruddy,33,,70,70,Wolverhampton Wanderers ,1100000,27000,Right,Goalkeeper,#21,"1,92 m",97
R. Elliot,33,,70,70,Newcastle United ,950000,15000,Left,Goalkeeper,#21,"1,90 m",94
N. Taylor,30,NA,70,70,Aston Villa ,1400000,25000,Left,Left-Back,#3,"1,76 m",75
H. Lansbury,29,,70,70,Aston Villa ,1800000,29000,Right,Central Midfield,#8,"1,83 m",85
A. Elmohamady,32,,70,70,Aston Villa ,1300000,25000,Right,Right-Back,#27,"1,82 m",78
C. Martina,30,,70,70,Everton FC ,1500000,35000,Right,Right-Back,#30,"1,85 m",77
P. Heise,28,NA,70,70,Norwich City ,1500000,23000,Left,Left-Back,#16,"1,84 m",78
Domingos Quina,19,NA,69,84,Watford FC ,2300000,15000,Right,Central Midfield,#20,"1,73 m",66
J. Justin,21,NA,69,83,Leicester City ,2100000,20000,Right,Right-Back,#2,"1,83 m",71
Y. Valery,20,NA,69,82,Southampton FC ,1900000,15000,Right,Right-Back,#43,"1,80 m",70
B. Peacock-Farrell,23,,69,78,Burnley FC ,1300000,10000,Left,Goalkeeper,#15,"1,94 m",73
S. Moore,29,,69,77,Sheffield United ,1400000,4000,Right,Goalkeeper,#25,"1,91 m",73
D. Bachmann,25,,69,75,Watford FC ,1100000,16000,Right,Goalkeeper,#35,"1,91 m",81
A. Pérez,26,NA,69,75,Leicester City ,1300000,5000,Left,Second Striker,#17,"1,78 m",77
D. Henry,22,,69,73,Crystal Palace ,1200000,4000,Right,Goalkeeper,#30,"1,92 m",82
G. Baldock,26,,69,71,Sheffield United ,1100000,14000,Right,Right-Back,#2,"1,78 m",67
R. Stearman,32,,69,69,Sheffield United ,775000,14000,Right,Centre-Back,#19,"1,91 m",76
A. Gomes,26,Nike,68,86,Everton FC ,1800000,12000,Right,Central Midfield,#21,"1,88 m",61
L. Kelly,21,NA,68,84,AFC Bournemouth ,1800000,14000,Left,Left-Back,#26,"1,90 m",70
Gabriel Martinelli,18,adidas,68,83,Arsenal FC ,1800000,11000,Right,Centre-Forward,#35,"1,80 m",75
A. Ramsdale,21,,68,79,AFC Bournemouth ,1200000,11000,Right,Goalkeeper,#12,"1,88 m",77
P. Dahlberg,20,,68,78,Watford FC ,1100000,11000,Right,Goalkeeper,#30,"1,95 m",90
K. Hause,24,adidas,68,77,Aston Villa ,1300000,16000,Left,Centre-Back,#30,"1,91 m",93
T. Cantwell,21,NA,68,77,Norwich City ,1400000,13000,Right,Left Midfield,#14,"1,77 m",70
M. James,28,Nike,68,73,Leicester City ,1100000,8000,Right,Central Midfield,#22,"1,81 m",84
D. Srbeny,25,NA,68,72,Norwich City ,1200000,18000,Right,Centre-Forward,#32,"1,90 m",83
J. Steele,29,,68,69,Brighton & Hove Albion ,750000,14000,Right,Goalkeeper,#23,"1,88 m",79
K. Freeman,27,,68,69,Sheffield United ,900000,12000,Right,Right-Back,#18,"1,78 m",79
E. Jakupovi?,35,,68,68,Leicester City ,400000,19000,Right,Goalkeeper,#35,"1,91 m",85
M. McGovern,35,,68,68,Norwich City ,400000,13000,Right,Goalkeeper,#33,"1,90 m",89
D. Button,30,,68,68,Brighton & Hove Albion ,600000,13000,Right,Goalkeeper,#27,"1,91 m",87
M. Greenwood,18,,67,87,Manchester United ,1500000,6000,Left,Centre-Forward,#26,"1,81 m",65
O. Skipp,19,,67,86,Tottenham Hotspur ,1500000,6000,Right,Defensive Midfield,#29,"1,75 m",70
J. Willock,20,Nike,67,84,Arsenal FC ,1600000,12000,Right,Central Midfield,#28,"1,79 m",71
Gonçalo Cardoso,19,adidas,67,79,West Ham United ,1200000,6000,Left,Centre-Back,#20,"1,89 m",83
B. Baningime,21,NA,67,77,Everton FC ,1100000,14000,Right,Central Midfield,#34,NA,70
J. Simpson,22,NA,67,76,AFC Bournemouth ,1100000,15000,Left,Centre-Back,#25,"1,90 m",83
J. Lundstram,25,,67,70,Sheffield United ,950000,11000,Right,Central Midfield,#7,"1,81 m",74
R. Holmes,32,,67,67,Sheffield United ,600000,11000,Right,Left Winger,NA,"1,88 m",75
Pedro Neto,19,,66,83,Wolverhampton Wanderers ,1400000,12000,Left,Right Winger,#7,"1,72 m",63
M. Macey,25,,66,72,Arsenal FC ,675000,12000,Right,Goalkeeper,#33,"1,99 m",81
S. McQueen,24,,66,72,Southampton FC ,775000,11000,Left,Left-Back,#45,"1,81 m",70
D. Martin,33,,66,66,West Ham United ,350000,14000,Right,Goalkeeper,#25,"1,88 m",86
S. Henderson,31,,66,66,Crystal Palace ,425000,10000,Right,Goalkeeper,#19,"1,88 m",87
B. Saka,18,NA,65,86,Arsenal FC ,1200000,2000,Left,Left Winger,#77,"1,78 m",70
G. Thomas,22,NA,65,76,Leicester City ,925000,14000,Right,Right Winger,NA,"1,73 m",76
K. Davis,21,,65,76,Aston Villa ,950000,11000,Right,Centre-Forward,#39,"1,78 m",75
J. Graham,24,Nike,65,69,Wolverhampton Wanderers ,700000,14000,Right,Left Winger,NA,"1,82 m",73
A. Lonergan,36,,65,65,Liverpool FC ,150000,8000,Left,Goalkeeper,#22,"1,93 m",87
P. Ofosu-Ayeh,28,,65,65,Wolverhampton Wanderers ,475000,15000,Right,Right-Back,NA,"1,81 m",81
A. Connolly,19,NA,64,79,Brighton & Hove Albion ,975000,7000,Right,Centre-Forward,#44,"1,75 m",77
M. Travers,20,NA,64,78,AFC Bournemouth ,850000,6000,Right,Goalkeeper,#42,"1,91 m",82
K. Bryan,23,NA,64,74,Sheffield United ,675000,6000,Left,Centre-Back,#20,"1,85 m",72
A. Legzdins,32,,64,64,Burnley FC ,270000,6000,Right,Goalkeeper,#30,"1,90 m",90
M. Obafemi,19,NA,63,78,Southampton FC ,775000,4000,Right,Centre-Forward,#20,"1,70 m",71
H. Burgoyne,22,,63,75,Wolverhampton Wanderers ,525000,8000,Right,Goalkeeper,NA,"1,93 m",80
B. Gilmour,18,adidas,62,84,Chelsea FC ,675000,5000,Right,Central Midfield,#47,"1,68 m",67
M. Longstaff,19,,62,80,Newcastle United ,650000,4000,Right,Defensive Midfield,#47,"1,71 m",72
B. Williams,19,,62,73,Manchester United ,475000,2000,Left,Left-Back,#53,"1,83 m",75
J. Sterry,23,,61,69,Newcastle United ,325000,5000,Right,Right-Back,#42,"1,80 m",76
M. Kilman,22,NA,60,73,Wolverhampton Wanderers ,375000,8000,Left,Centre-Back,#49,"1,92 m",80
Bruno Jordão,21,adidas,60,70,Wolverhampton Wanderers ,325000,8000,Right,Central Midfield,#6,"1,80 m",71
C. Kelleher,20,NA,59,74,Liverpool FC ,290000,5000,Right,Goalkeeper,#62,"1,88 m",69
A. Pereira,23,,58,70,Manchester United ,200000,1000,Left,Attacking Midfield,#15,"1,78 m",73
T. Dele-Bashiru,20,NA,57,76,Watford FC ,220000,5000,Right,Central Midfield,#24,"1,79 m",68
S. Alzate,21,NA,56,68,Brighton & Hove Albion ,160000,5000,Right,Attacking Midfield,#46,"1,80 m",65
M. Vorm,36,,,,Tottenham Hotspur ,,,,Goalkeeper,#13,"1,83 m",
A. Crofts,35,,,,Brighton & Hove Albion ,,,,Central Midfield,#48,"1,75 m",
M. Yang,24,,,,Wolverhampton Wanderers ,,,,Central Midfield,#39,"1,72 m",
